{
    "data": [
        {
            "route_id": "42882953",
            "route_desc": "KUL-YPG-JHB-PSG",
            "trip_no": "TJ14",
            "bus_type": "BUS",
            "location_from": "KUL",
            "location_from_desc": "KUALA LUMPUR",
            "location_to": "JHB",
            "location_to_desc": "JOHOR BAHRU",
            "counter_from": "TBS",
            "counter_from_desc": "Term B'spadu Selatan",
            "counter_to": "TJHB",
            "counter_to_desc": "T.LARKIN JOHOR",
            "depart_date": "28/09/2018 16:00",
            "arrival_date": "28/09/2018 20:45",
            "seat_available": "0",
            "seat_available_desc": "Available",
            "adult_fare": "RM34.30",
            "child_fare": "RM25.80",
            "senior_fare": "RM25.80",
            "oku_fare": "RM25.80",
            "adult_surcharge": "RM0.00",
            "child_surcharge": "RM0.00",
            "adult_SIN_fare": "RM0.00",
            "children_SIN_fare": "RM0.00",
            "foreign_adult_fare": "S$0.00",
            "foreign_child_fare": "S$0.00",
            "foreign_senior_fare": "S$0.00",
            "foreign_oku_fare": "S$0.00",
            "foreign_adult_surcharge": "S$0.00",
            "foreign_child_surcharge": "S$0.00",
            "foreign_adult_SIN_fare": "S$0.00",
            "foreign_children_SIN_fare": "S$0.00",
            "remark": "",
            "bus_layout_code": "T30",
            "company_code": "TR",
            "master_route_id": "KUL-PSG/64/02B",
            "id": 8299
        },
        {
            "route_id": "42882974",
            "route_desc": "KUL-YPG-JHB-PSG",
            "trip_no": "TJ19",
            "bus_type": "BUS",
            "location_from": "KUL",
            "location_from_desc": "KUALA LUMPUR",
            "location_to": "JHB",
            "location_to_desc": "JOHOR BAHRU",
            "counter_from": "TBS",
            "counter_from_desc": "Term B'spadu Selatan",
            "counter_to": "TJHB",
            "counter_to_desc": "T.LARKIN JOHOR",
            "depart_date": "28/09/2018 17:00",
            "arrival_date": "28/09/2018 21:45",
            "seat_available": "0",
            "seat_available_desc": "Available",
            "adult_fare": "RM34.30",
            "child_fare": "RM25.80",
            "senior_fare": "RM25.80",
            "oku_fare": "RM25.80",
            "adult_surcharge": "RM0.00",
            "child_surcharge": "RM0.00",
            "adult_SIN_fare": "RM0.00",
            "children_SIN_fare": "RM0.00",
            "foreign_adult_fare": "S$0.00",
            "foreign_child_fare": "S$0.00",
            "foreign_senior_fare": "S$0.00",
            "foreign_oku_fare": "S$0.00",
            "foreign_adult_surcharge": "S$0.00",
            "foreign_child_surcharge": "S$0.00",
            "foreign_adult_SIN_fare": "S$0.00",
            "foreign_children_SIN_fare": "S$0.00",
            "remark": "",
            "bus_layout_code": "T30",
            "company_code": "TR",
            "master_route_id": "KUL-PSG/64/02B",
            "id": 8386
        },
        {
            "route_id": "42883711",
            "route_desc": "KUL-YPG-JHB",
            "trip_no": "TJ187",
            "bus_type": "BUS",
            "location_from": "KUL",
            "location_from_desc": "KUALA LUMPUR",
            "location_to": "JHB",
            "location_to_desc": "JOHOR BAHRU",
            "counter_from": "TBS",
            "counter_from_desc": "Term B'spadu Selatan",
            "counter_to": "TJHB",
            "counter_to_desc": "T.LARKIN JOHOR",
            "depart_date": "28/09/2018 17:00",
            "arrival_date": "28/09/2018 21:45",
            "seat_available": "0",
            "seat_available_desc": "Available",
            "adult_fare": "RM34.30",
            "child_fare": "RM25.80",
            "senior_fare": "RM25.80",
            "oku_fare": "RM25.80",
            "adult_surcharge": "RM0.00",
            "child_surcharge": "RM0.00",
            "adult_SIN_fare": "RM0.00",
            "children_SIN_fare": "RM0.00",
            "foreign_adult_fare": "S$0.00",
            "foreign_child_fare": "S$0.00",
            "foreign_senior_fare": "S$0.00",
            "foreign_oku_fare": "S$0.00",
            "foreign_adult_surcharge": "S$0.00",
            "foreign_child_surcharge": "S$0.00",
            "foreign_adult_SIN_fare": "S$0.00",
            "foreign_children_SIN_fare": "S$0.00",
            "remark": "",
            "bus_layout_code": "T33",
            "company_code": "TR",
            "master_route_id": "KUL-JHB/64/01B",
            "id": 8424
        },
        {
            "route_id": "42882956",
            "route_desc": "KUL-YPG-JHB-PSG",
            "trip_no": "TJ15",
            "bus_type": "BUS",
            "location_from": "KUL",
            "location_from_desc": "KUALA LUMPUR",
            "location_to": "JHB",
            "location_to_desc": "JOHOR BAHRU",
            "counter_from": "TBS",
            "counter_from_desc": "Term B'spadu Selatan",
            "counter_to": "TJHB",
            "counter_to_desc": "T.LARKIN JOHOR",
            "depart_date": "28/09/2018 18:00",
            "arrival_date": "28/09/2018 22:45",
            "seat_available": "0",
            "seat_available_desc": "Available",
            "adult_fare": "RM34.30",
            "child_fare": "RM25.80",
            "senior_fare": "RM25.80",
            "oku_fare": "RM25.80",
            "adult_surcharge": "RM0.00",
            "child_surcharge": "RM0.00",
            "adult_SIN_fare": "RM0.00",
            "children_SIN_fare": "RM0.00",
            "foreign_adult_fare": "S$0.00",
            "foreign_child_fare": "S$0.00",
            "foreign_senior_fare": "S$0.00",
            "foreign_oku_fare": "S$0.00",
            "foreign_adult_surcharge": "S$0.00",
            "foreign_child_surcharge": "S$0.00",
            "foreign_adult_SIN_fare": "S$0.00",
            "foreign_children_SIN_fare": "S$0.00",
            "remark": "",
            "bus_layout_code": "T30",
            "company_code": "TR",
            "master_route_id": "KUL-PSG/64/02B",
            "id": 8457
        },
        {
            "route_id": "42883713",
            "route_desc": "KUL-YPG-JHB",
            "trip_no": "TJ188",
            "bus_type": "BUS",
            "location_from": "KUL",
            "location_from_desc": "KUALA LUMPUR",
            "location_to": "JHB",
            "location_to_desc": "JOHOR BAHRU",
            "counter_from": "TBS",
            "counter_from_desc": "Term B'spadu Selatan",
            "counter_to": "TJHB",
            "counter_to_desc": "T.LARKIN JOHOR",
            "depart_date": "28/09/2018 18:00",
            "arrival_date": "28/09/2018 22:45",
            "seat_available": "0",
            "seat_available_desc": "Available",
            "adult_fare": "RM34.30",
            "child_fare": "RM25.80",
            "senior_fare": "RM25.80",
            "oku_fare": "RM25.80",
            "adult_surcharge": "RM0.00",
            "child_surcharge": "RM0.00",
            "adult_SIN_fare": "RM0.00",
            "children_SIN_fare": "RM0.00",
            "foreign_adult_fare": "S$0.00",
            "foreign_child_fare": "S$0.00",
            "foreign_senior_fare": "S$0.00",
            "foreign_oku_fare": "S$0.00",
            "foreign_adult_surcharge": "S$0.00",
            "foreign_child_surcharge": "S$0.00",
            "foreign_adult_SIN_fare": "S$0.00",
            "foreign_children_SIN_fare": "S$0.00",
            "remark": "",
            "bus_layout_code": "T30",
            "company_code": "TR",
            "master_route_id": "KUL-JHB/64/01B",
            "id": 8468
        },
        {
            "route_id": "42883715",
            "route_desc": "KUL-YPG-JHB",
            "trip_no": "TJ189",
            "bus_type": "BUS",
            "location_from": "KUL",
            "location_from_desc": "KUALA LUMPUR",
            "location_to": "JHB",
            "location_to_desc": "JOHOR BAHRU",
            "counter_from": "TBS",
            "counter_from_desc": "Term B'spadu Selatan",
            "counter_to": "TJHB",
            "counter_to_desc": "T.LARKIN JOHOR",
            "depart_date": "28/09/2018 19:00",
            "arrival_date": "28/09/2018 23:45",
            "seat_available": "0",
            "seat_available_desc": "Available",
            "adult_fare": "RM34.30",
            "child_fare": "RM25.80",
            "senior_fare": "RM25.80",
            "oku_fare": "RM25.80",
            "adult_surcharge": "RM0.00",
            "child_surcharge": "RM0.00",
            "adult_SIN_fare": "RM0.00",
            "children_SIN_fare": "RM0.00",
            "foreign_adult_fare": "S$0.00",
            "foreign_child_fare": "S$0.00",
            "foreign_senior_fare": "S$0.00",
            "foreign_oku_fare": "S$0.00",
            "foreign_adult_surcharge": "S$0.00",
            "foreign_child_surcharge": "S$0.00",
            "foreign_adult_SIN_fare": "S$0.00",
            "foreign_children_SIN_fare": "S$0.00",
            "remark": "",
            "bus_layout_code": "T33",
            "company_code": "TR",
            "master_route_id": "KUL-JHB/64/01B",
            "id": 8522
        },
        {
            "route_id": "42883717",
            "route_desc": "KUL-YPG-JHB",
            "trip_no": "TJ190",
            "bus_type": "BUS",
            "location_from": "KUL",
            "location_from_desc": "KUALA LUMPUR",
            "location_to": "JHB",
            "location_to_desc": "JOHOR BAHRU",
            "counter_from": "TBS",
            "counter_from_desc": "Term B'spadu Selatan",
            "counter_to": "TJHB",
            "counter_to_desc": "T.LARKIN JOHOR",
            "depart_date": "28/09/2018 20:30",
            "arrival_date": "29/09/2018 01:15",
            "seat_available": "0",
            "seat_available_desc": "Available",
            "adult_fare": "RM34.30",
            "child_fare": "RM25.80",
            "senior_fare": "RM25.80",
            "oku_fare": "RM25.80",
            "adult_surcharge": "RM0.00",
            "child_surcharge": "RM0.00",
            "adult_SIN_fare": "RM0.00",
            "children_SIN_fare": "RM0.00",
            "foreign_adult_fare": "S$0.00",
            "foreign_child_fare": "S$0.00",
            "foreign_senior_fare": "S$0.00",
            "foreign_oku_fare": "S$0.00",
            "foreign_adult_surcharge": "S$0.00",
            "foreign_child_surcharge": "S$0.00",
            "foreign_adult_SIN_fare": "S$0.00",
            "foreign_children_SIN_fare": "S$0.00",
            "remark": "",
            "bus_layout_code": "T33",
            "company_code": "TR",
            "master_route_id": "KUL-JHB/64/01B",
            "id": 8645
        },
        {
            "route_id": "42882965",
            "route_desc": "KUL-YPG-JHB-PSG",
            "trip_no": "TJ160",
            "bus_type": "BUS",
            "location_from": "KUL",
            "location_from_desc": "KUALA LUMPUR",
            "location_to": "JHB",
            "location_to_desc": "JOHOR BAHRU",
            "counter_from": "TBS",
            "counter_from_desc": "Term B'spadu Selatan",
            "counter_to": "TJHB",
            "counter_to_desc": "T.LARKIN JOHOR",
            "depart_date": "28/09/2018 21:30",
            "arrival_date": "29/09/2018 02:15",
            "seat_available": "0",
            "seat_available_desc": "Available",
            "adult_fare": "RM34.30",
            "child_fare": "RM25.80",
            "senior_fare": "RM25.80",
            "oku_fare": "RM25.80",
            "adult_surcharge": "RM0.00",
            "child_surcharge": "RM0.00",
            "adult_SIN_fare": "RM0.00",
            "children_SIN_fare": "RM0.00",
            "foreign_adult_fare": "S$0.00",
            "foreign_child_fare": "S$0.00",
            "foreign_senior_fare": "S$0.00",
            "foreign_oku_fare": "S$0.00",
            "foreign_adult_surcharge": "S$0.00",
            "foreign_child_surcharge": "S$0.00",
            "foreign_adult_SIN_fare": "S$0.00",
            "foreign_children_SIN_fare": "S$0.00",
            "remark": "",
            "bus_layout_code": "T30",
            "company_code": "TR",
            "master_route_id": "KUL-PSG/64/02B",
            "id": 9035
        },
        {
            "route_id": "42882962",
            "route_desc": "KUL-YPG-JHB-PSG",
            "trip_no": "TJ17",
            "bus_type": "BUS",
            "location_from": "KUL",
            "location_from_desc": "KUALA LUMPUR",
            "location_to": "JHB",
            "location_to_desc": "JOHOR BAHRU",
            "counter_from": "TBS",
            "counter_from_desc": "Term B'spadu Selatan",
            "counter_to": "TJHB",
            "counter_to_desc": "T.LARKIN JOHOR",
            "depart_date": "28/09/2018 23:00",
            "arrival_date": "29/09/2018 03:45",
            "seat_available": "0",
            "seat_available_desc": "Available",
            "adult_fare": "RM34.30",
            "child_fare": "RM25.80",
            "senior_fare": "RM25.80",
            "oku_fare": "RM25.80",
            "adult_surcharge": "RM0.00",
            "child_surcharge": "RM0.00",
            "adult_SIN_fare": "RM0.00",
            "children_SIN_fare": "RM0.00",
            "foreign_adult_fare": "S$0.00",
            "foreign_child_fare": "S$0.00",
            "foreign_senior_fare": "S$0.00",
            "foreign_oku_fare": "S$0.00",
            "foreign_adult_surcharge": "S$0.00",
            "foreign_child_surcharge": "S$0.00",
            "foreign_adult_SIN_fare": "S$0.00",
            "foreign_children_SIN_fare": "S$0.00",
            "remark": "",
            "bus_layout_code": "T30",
            "company_code": "TR",
            "master_route_id": "KUL-PSG/64/02B",
            "id": 9387
        },
        {
            "route_id": "42883719",
            "route_desc": "KUL-YPG-JHB",
            "trip_no": "TJ191",
            "bus_type": "BUS",
            "location_from": "KUL",
            "location_from_desc": "KUALA LUMPUR",
            "location_to": "JHB",
            "location_to_desc": "JOHOR BAHRU",
            "counter_from": "TBS",
            "counter_from_desc": "Term B'spadu Selatan",
            "counter_to": "TJHB",
            "counter_to_desc": "T.LARKIN JOHOR",
            "depart_date": "28/09/2018 23:59",
            "arrival_date": "29/09/2018 04:44",
            "seat_available": "0",
            "seat_available_desc": "Available",
            "adult_fare": "RM34.30",
            "child_fare": "RM25.80",
            "senior_fare": "RM25.80",
            "oku_fare": "RM25.80",
            "adult_surcharge": "RM0.00",
            "child_surcharge": "RM0.00",
            "adult_SIN_fare": "RM0.00",
            "children_SIN_fare": "RM0.00",
            "foreign_adult_fare": "S$0.00",
            "foreign_child_fare": "S$0.00",
            "foreign_senior_fare": "S$0.00",
            "foreign_oku_fare": "S$0.00",
            "foreign_adult_surcharge": "S$0.00",
            "foreign_child_surcharge": "S$0.00",
            "foreign_adult_SIN_fare": "S$0.00",
            "foreign_children_SIN_fare": "S$0.00",
            "remark": "",
            "bus_layout_code": "T33",
            "company_code": "TR",
            "master_route_id": "KUL-JHB/64/01B",
            "id": 9497
        },
        {
            "route_id": "42882977",
            "route_desc": "KUL-YPG-JHB-PSG",
            "trip_no": "TJ20",
            "bus_type": "BUS",
            "location_from": "KUL",
            "location_from_desc": "KUALA LUMPUR",
            "location_to": "JHB",
            "location_to_desc": "JOHOR BAHRU",
            "counter_from": "TBS",
            "counter_from_desc": "Term B'spadu Selatan",
            "counter_to": "TJHB",
            "counter_to_desc": "T.LARKIN JOHOR",
            "depart_date": "28/09/2018 23:59",
            "arrival_date": "29/09/2018 04:44",
            "seat_available": "0",
            "seat_available_desc": "Available",
            "adult_fare": "RM34.30",
            "child_fare": "RM25.80",
            "senior_fare": "RM25.80",
            "oku_fare": "RM25.80",
            "adult_surcharge": "RM0.00",
            "child_surcharge": "RM0.00",
            "adult_SIN_fare": "RM0.00",
            "children_SIN_fare": "RM0.00",
            "foreign_adult_fare": "S$0.00",
            "foreign_child_fare": "S$0.00",
            "foreign_senior_fare": "S$0.00",
            "foreign_oku_fare": "S$0.00",
            "foreign_adult_surcharge": "S$0.00",
            "foreign_child_surcharge": "S$0.00",
            "foreign_adult_SIN_fare": "S$0.00",
            "foreign_children_SIN_fare": "S$0.00",
            "remark": "",
            "bus_layout_code": "T30",
            "company_code": "TR",
            "master_route_id": "KUL-PSG/64/02B",
            "id": 9502
        }
    ],
    "message": ""
}